"RelativePath","SizeBytes","ModifiedUtc","Extension"
".analysis\run_2025-09-07_23-17-56\reports\file_inventory.csv","12720648","9/8/2025 6:26:31 AM",".csv"
".analysis\run_2025-09-07_23-17-56\reports\file_inventory.json","21844197","9/8/2025 6:26:33 AM",".json"
".analysis\run_2025-09-08_00-27-44\reports\file_inventory.csv","12612479","9/8/2025 7:27:53 AM",".csv"
".analysis\run_2025-09-08_00-27-44\reports\file_inventory.json","21971930","9/8/2025 7:27:54 AM",".json"
".analysis\run_2025-09-08_00-32-18\reports\file_inventory.csv","12612914","9/8/2025 7:32:27 AM",".csv"
".analysis\run_2025-09-08_00-32-18\reports\file_inventory.json","21972821","9/8/2025 7:32:28 AM",".json"
".analysis\run_2025-09-08_00-37-38\reports\analysis_summary.json","39255","9/8/2025 7:37:48 AM",".json"
".analysis\run_2025-09-08_00-37-38\reports\file_inventory.csv","12613349","9/8/2025 7:37:47 AM",".csv"
".analysis\run_2025-09-08_00-37-38\reports\file_inventory.json","21973712","9/8/2025 7:37:48 AM",".json"
".analysis\run_2025-09-08_00-37-38\reports\git_summary.txt","48","9/8/2025 7:37:48 AM",".txt"
".analysis\run_2025-09-08_00-37-38\reports\tree.txt","12530","9/8/2025 7:37:48 AM",".txt"
".botpids.json","32","8/31/2025 1:25:07 AM",".json"
".env","4280","8/31/2025 6:13:00 AM",".env"
".env.bak_20250830160148.ignored","2933","8/30/2025 9:44:46 PM",".ignored"
".env.bak_20250830160245.ignored","2933","8/30/2025 9:44:46 PM",".ignored"
".next\_events.json","217","8/31/2025 3:47:33 AM",".json"
".next\app-build-manifest.json","17","8/31/2025 3:36:53 AM",".json"
".next\build-manifest.json","321","8/31/2025 3:36:53 AM",".json"
".next\cache\.rscinfo","102","8/28/2025 7:49:48 PM",".rscinfo"
".next\cache\next-devtools-config.json","2","8/28/2025 7:49:48 PM",".json"
".next\cache\webpack\client-development\0.pack.gz","44304","8/28/2025 7:49:50 PM",".gz"
".next\cache\webpack\client-development\1.pack.gz","2464155","8/31/2025 3:35:28 AM",".gz"
".next\cache\webpack\client-development\2.pack.gz","9996669","8/29/2025 4:01:26 AM",".gz"
".next\cache\webpack\client-development\3.pack.gz","1778","8/29/2025 4:08:14 AM",".gz"
".next\cache\webpack\client-development\4.pack.gz","9543068","8/31/2025 3:35:28 AM",".gz"
".next\cache\webpack\client-development\5.pack.gz","78530","8/31/2025 3:35:28 AM",".gz"
".next\cache\webpack\client-development\6.pack.gz","8315","8/29/2025 10:10:26 AM",".gz"
".next\cache\webpack\client-development\7.pack.gz","1314","8/29/2025 6:26:02 AM",".gz"
".next\cache\webpack\client-development\8.pack.gz","1549","8/29/2025 10:08:58 AM",".gz"
".next\cache\webpack\client-development\9.pack.gz","1314","8/31/2025 3:35:28 AM",".gz"
".next\cache\webpack\client-development\index.pack.gz","122595","8/31/2025 3:35:28 AM",".gz"
".next\cache\webpack\client-development\index.pack.gz.old","123175","8/29/2025 11:01:18 AM",".old"
".next\cache\webpack\client-development-fallback\0.pack.gz","21874233","8/29/2025 4:00:28 AM",".gz"
".next\cache\webpack\client-development-fallback\index.pack.gz","127199","8/29/2025 4:00:26 AM",".gz"
".next\cache\webpack\server-development\0.pack.gz","224616","8/31/2025 3:35:28 AM",".gz"
".next\cache\webpack\server-development\1.pack.gz","657622","8/29/2025 4:01:26 AM",".gz"
".next\cache\webpack\server-development\10.pack.gz","187561","8/29/2025 11:01:18 AM",".gz"
".next\cache\webpack\server-development\2.pack.gz","89570","8/29/2025 11:01:18 AM",".gz"
".next\cache\webpack\server-development\3.pack.gz","7511840","8/31/2025 3:35:28 AM",".gz"
".next\cache\webpack\server-development\4.pack.gz","1528712","8/31/2025 3:35:28 AM",".gz"
".next\cache\webpack\server-development\5.pack.gz","5591","8/31/2025 3:35:28 AM",".gz"
".next\cache\webpack\server-development\6.pack.gz","314376","8/29/2025 10:32:34 AM",".gz"
".next\cache\webpack\server-development\7.pack.gz","278","8/29/2025 11:01:20 AM",".gz"
".next\cache\webpack\server-development\8.pack.gz","2104","8/29/2025 10:45:08 AM",".gz"
".next\cache\webpack\server-development\9.pack.gz","140706","8/31/2025 3:35:28 AM",".gz"
".next\cache\webpack\server-development\index.pack.gz","189344","8/31/2025 3:35:28 AM",".gz"
".next\cache\webpack\server-development\index.pack.gz.old","189811","8/29/2025 11:01:20 AM",".old"
".next\package.json","20","8/31/2025 3:36:52 AM",".json"
".next\prerender-manifest.json","354","8/31/2025 3:36:52 AM",".json"
".next\react-loadable-manifest.json","2","8/31/2025 3:36:53 AM",".json"
".next\routes-manifest.json","272","8/31/2025 3:36:52 AM",".json"
".next\server\app-paths-manifest.json","2","8/31/2025 3:36:53 AM",".json"
".next\server\interception-route-rewrite-manifest.js","47","8/31/2025 3:36:53 AM",".js"
".next\server\middleware-build-manifest.js","446","8/31/2025 3:36:53 AM",".js"
".next\server\middleware-manifest.json","83","8/31/2025 3:36:53 AM",".json"
".next\server\middleware-react-loadable-manifest.js","35","8/31/2025 3:36:53 AM",".js"
".next\server\next-font-manifest.js","113","8/31/2025 3:36:53 AM",".js"
".next\server\next-font-manifest.json","77","8/31/2025 3:36:53 AM",".json"
".next\server\pages-manifest.json","2","8/31/2025 3:36:53 AM",".json"
".next\server\server-reference-manifest.js","140","8/31/2025 3:36:53 AM",".js"
".next\server\server-reference-manifest.json","97","8/31/2025 3:36:53 AM",".json"
".next\static\chunks\polyfills.js","112594","8/31/2025 3:36:52 AM",".js"
".next\static\development\_buildManifest.js","238","8/31/2025 3:36:53 AM",".js"
".next\static\development\_ssgManifest.js","76","8/31/2025 3:36:53 AM",".js"
".next\trace","17615","8/31/2025 3:47:33 AM",""
".next\types\cache-life.d.ts","5863","8/31/2025 3:36:53 AM",".ts"
".next\types\package.json","18","8/31/2025 3:36:53 AM",".json"
".next\types\routes.d.ts","2549","8/31/2025 3:39:44 AM",".ts"
".next\types\validator.ts","3622","8/31/2025 3:39:44 AM",".ts"
"_diagnostics\run-20250830-142730\reports\diagnostics.json","12615","8/30/2025 9:27:36 PM",".json"
"_diagnostics\run-20250830-142730\reports\diagnostics.md","7770","8/30/2025 9:27:36 PM",".md"
"_diagnostics\run-20250830-145913\reports\diagnostics.json","12663","8/30/2025 9:59:21 PM",".json"
"_diagnostics\run-20250830-145913\reports\diagnostics.md","7786","8/30/2025 9:59:21 PM",".md"
"_diagnostics\run-20250830-155734\reports\diagnostics.json","13310","8/30/2025 10:57:40 PM",".json"
"_diagnostics\run-20250830-155734\reports\diagnostics.md","8159","8/30/2025 10:57:40 PM",".md"
"_diagnostics\run-20250830-160245\reports\diagnostics.json","13310","8/30/2025 11:02:51 PM",".json"
"_diagnostics\run-20250830-160245\reports\diagnostics.md","8159","8/30/2025 11:02:51 PM",".md"
"_diagnostics\run-20250830-162612\reports\diagnostics.json","13137","8/30/2025 11:26:18 PM",".json"
"_diagnostics\run-20250830-162612\reports\diagnostics.md","8058","8/30/2025 11:26:18 PM",".md"
"_util.ts","652","8/28/2025 6:52:54 PM",".ts"
"api.ts","346","8/28/2025 5:56:26 AM",".ts"
"app\api.zip","16205","9/8/2025 5:04:25 AM",".zip"
"app\api\_utils\auth.ts","522","8/28/2025 7:43:56 PM",".ts"
"app\api\_utils\prisma.ts","312","8/29/2025 4:00:22 AM",".ts"
"app\api\_utils\users.ts","217","8/29/2025 4:00:22 AM",".ts"
"app\api\bets\current\place\route.ts","2323","8/28/2025 5:56:28 AM",".ts"
"app\api\bets\current\refund\route.ts","1386","8/28/2025 5:56:28 AM",".ts"
"app\api\healthz\route.ts","133","8/28/2025 5:56:28 AM",".ts"
"app\api\leaderboards\dsc\route.ts","593","8/29/2025 4:03:56 AM",".ts"
"app\api\leaderboards\elo\route.ts","373","8/29/2025 4:03:56 AM",".ts"
"app\api\leaderboards\gpc\route.ts","593","8/29/2025 4:03:58 AM",".ts"
"app\api\matches\current\lock\route.ts","678","8/28/2025 5:56:28 AM",".ts"
"app\api\matches\current\record\route.ts","2833","8/28/2025 5:56:28 AM",".ts"
"app\api\matches\current\route.ts","1679","8/29/2025 4:03:54 AM",".ts"
"app\api\matches\current\score\route.ts","1124","8/28/2025 5:56:28 AM",".ts"
"app\api\matches\open\route.ts","1611","8/29/2025 4:00:20 AM",".ts"
"app\api\matches\record\route.ts","5224","8/29/2025 11:00:54 AM",".ts"
"app\api\matches\record\route.ts.bak","4980","8/29/2025 10:50:26 AM",".bak"
"auth.ts","593","8/28/2025 5:56:28 AM",".ts"
"bet.ts","1640","8/28/2025 5:56:26 AM",".ts"
"BluePhantGlorp.png","274875","8/28/2025 7:34:36 PM",".png"
"bots\_archive\discord.SOS-20250829-005719\.env.bak.ignored","190","8/30/2025 9:44:46 PM",".ignored"
"bots\_archive\discord.SOS-20250829-005719\.env.example.ignored","432","8/30/2025 9:44:46 PM",".ignored"
"bots\_archive\discord.SOS-20250829-005719\package.json","510","8/28/2025 4:03:10 PM",".json"
"bots\_archive\discord.SOS-20250829-005719\pnpm-lock.yaml","29645","8/28/2025 8:45:44 AM",".yaml"
"bots\_archive\discord.SOS-20250829-005719\README.md","158","8/28/2025 3:12:40 PM",".md"
"bots\_archive\discord.SOS-20250829-005719\src\_probe.ts","448","8/28/2025 7:35:08 PM",".ts"
"bots\_archive\discord.SOS-20250829-005719\src\commands\bet.ts","1530","8/28/2025 4:03:10 PM",".ts"
"bots\_archive\discord.SOS-20250829-005719\src\commands\lockBet.ts","781","8/28/2025 4:03:10 PM",".ts"
"bots\_archive\discord.SOS-20250829-005719\src\commands\plus1.ts","1011","8/28/2025 4:03:10 PM",".ts"
"bots\_archive\discord.SOS-20250829-005719\src\commands\plus2.ts","1011","8/28/2025 4:03:10 PM",".ts"
"bots\_archive\discord.SOS-20250829-005719\src\commands\recordResult.ts","1337","8/28/2025 4:03:10 PM",".ts"
"bots\_archive\discord.SOS-20250829-005719\src\commands\refund.ts","717","8/28/2025 4:03:10 PM",".ts"
"bots\_archive\discord.SOS-20250829-005719\src\commands\setScore.ts","1156","8/28/2025 4:03:10 PM",".ts"
"bots\_archive\discord.SOS-20250829-005719\src\commands\startBet.ts","1197","8/28/2025 4:03:10 PM",".ts"
"bots\_archive\discord.SOS-20250829-005719\src\commands\top10Dascoin.ts","925","8/28/2025 4:03:10 PM",".ts"
"bots\_archive\discord.SOS-20250829-005719\src\commands\top10Glorpcoin.ts","929","8/28/2025 4:03:10 PM",".ts"
"bots\_archive\discord.SOS-20250829-005719\src\commands\top10Ladder.ts","901","8/28/2025 4:03:10 PM",".ts"
"bots\_archive\discord.SOS-20250829-005719\src\deploy-commands.ts","2558","8/28/2025 7:35:08 PM",".ts"
"bots\_archive\discord.SOS-20250829-005719\src\index.ts","3118","8/29/2025 7:45:40 AM",".ts"
"bots\_archive\discord.SOS-20250829-005719\src\index.ts.bak","2652","8/29/2025 7:33:30 AM",".bak"
"bots\_archive\discord.SOS-20250829-005719\src\lib\api.ts","379","8/28/2025 4:03:10 PM",".ts"
"bots\_archive\discord.SOS-20250829-005719\src\lib\env.ts","1246","8/29/2025 7:45:30 AM",".ts"
"bots\_archive\discord.SOS-20250829-005719\src\lib\env.ts.bak","1347","8/29/2025 7:32:20 AM",".bak"
"bots\_archive\discord.SOS-20250829-005719\src\lib\logger.ts","222","8/28/2025 4:03:10 PM",".ts"
"bots\_archive\discord.SOS-20250829-005719\src\lib\permissions.ts","589","8/28/2025 4:03:10 PM",".ts"
"bots\_archive\discord.SOS-20250829-005719\src\lib\usernames.ts","115","8/28/2025 4:03:10 PM",".ts"
"bots\_archive\discord.SOS-20250829-005719\tsconfig.json","261","8/28/2025 4:03:10 PM",".json"
"bots\discord.zip","16532885","9/8/2025 5:05:45 AM",".zip"
"bots\discord\data\userlinks.json","622","9/1/2025 10:59:44 AM",".json"
"bots\discord\package.json","392","8/31/2025 1:22:14 AM",".json"
"bots\discord\pnpm-lock.yaml","22697","8/31/2025 1:22:58 AM",".yaml"
"bots\discord\project-scan.json","273","8/31/2025 3:02:15 AM",".json"
"bots\discord\src\commands.zip","9746","8/31/2025 1:30:02 AM",".zip"
"bots\discord\src\commands\_disabled\discord.ts.disabled","4187","8/31/2025 5:17:40 AM",".disabled"
"bots\discord\src\commands\bet.ts","751","8/31/2025 3:20:55 AM",".ts"
"bots\discord\src\commands\dascoin.ts","6817","8/31/2025 6:31:59 AM",".ts"
"bots\discord\src\commands\dascoin.ts.bak-20250830214133","3506","8/31/2025 4:36:17 AM",".bak-20250830214133"
"bots\discord\src\commands\dascoin.ts.bak-20250830224812","3499","8/31/2025 4:41:33 AM",".bak-20250830224812"
"bots\discord\src\commands\deleteUser.ts","1592","9/1/2025 12:21:01 AM",".ts"
"bots\discord\src\commands\help.ts","3448","8/31/2025 7:48:29 AM",".ts"
"bots\discord\src\commands\help.ts.bak-20250831004829","1051","8/31/2025 3:20:55 AM",".bak-20250831004829"
"bots\discord\src\commands\index.ts","5172","8/31/2025 5:17:41 AM",".ts"
"bots\discord\src\commands\index.ts.bak","5036","8/31/2025 1:53:28 AM",".bak"
"bots\discord\src\commands\inputDiscordName.ts","856","8/31/2025 3:20:55 AM",".ts"
"bots\discord\src\commands\inputPlayer.ts","563","8/31/2025 3:20:55 AM",".ts"
"bots\discord\src\commands\inputTwitchName.ts","669","8/31/2025 3:20:55 AM",".ts"
"bots\discord\src\commands\inputUser.ts","1760","8/31/2025 6:22:35 AM",".ts"
"bots\discord\src\commands\inputUser.ts.bak-20250830232233","1810","8/31/2025 3:20:55 AM",".bak-20250830232233"
"bots\discord\src\commands\inputUser.ts.bak-20250830232235","1760","8/31/2025 6:22:33 AM",".bak-20250830232235"
"bots\discord\src\commands\ladder.ts","7137","8/31/2025 7:38:02 AM",".ts"
"bots\discord\src\commands\ladder.ts.bak-20250831003802","1537","8/31/2025 3:20:55 AM",".bak-20250831003802"
"bots\discord\src\commands\listall.ts","876","8/31/2025 3:20:55 AM",".ts"
"bots\discord\src\commands\matchHistory.ts","796","8/31/2025 3:20:55 AM",".ts"
"bots\discord\src\commands\myMatchHistory.ts","711","8/31/2025 3:20:55 AM",".ts"
"bots\discord\src\commands\myStats.ts.bak-20250831001421","476","8/31/2025 3:20:55 AM",".bak-20250831001421"
"bots\discord\src\commands\myStats.ts.disabled","6058","8/31/2025 7:14:21 AM",".disabled"
"bots\discord\src\commands\myWallet.ts","670","8/31/2025 3:20:55 AM",".ts"
"bots\discord\src\commands\record.ts","742","8/31/2025 3:20:55 AM",".ts"
"bots\discord\src\commands\remove.ts","376","8/31/2025 3:20:55 AM",".ts"
"bots\discord\src\commands\search.ts","749","8/31/2025 3:20:55 AM",".ts"
"bots\discord\src\commands\stats.ts","5976","8/31/2025 7:14:21 AM",".ts"
"bots\discord\src\commands\stats.ts.bak-20250831001421","512","8/31/2025 3:20:55 AM",".bak-20250831001421"
"bots\discord\src\env.ts","352","8/31/2025 4:32:35 AM",".ts"
"bots\discord\src\index.ts","2203","8/31/2025 1:56:16 AM",".ts"
"bots\discord\src\index.ts.bak","1152","8/31/2025 1:39:21 AM",".bak"
"bots\discord\src\lib\env.ts","856","8/29/2025 10:06:32 AM",".ts"
"bots\discord\src\lib\http.ts","822","8/31/2025 3:20:54 AM",".ts"
"bots\discord\src\util\api.ts","1331","8/29/2025 10:31:38 AM",".ts"
"bots\discord\src\util\parsing.ts","224","8/29/2025 5:00:34 PM",".ts"
"bots\discord\src\util\permissions.ts","389","8/29/2025 5:00:34 PM",".ts"
"bots\discord\tsconfig.json","320","8/29/2025 5:00:34 PM",".json"
"bots\twitch\package.json","448","8/31/2025 1:21:53 AM",".json"
"bots\twitch\pnpm-lock.yaml","25062","8/31/2025 1:22:35 AM",".yaml"
"bots\twitch\README.md","202","8/29/2025 2:51:00 AM",".md"
"bots\twitch\src\index.ts","6366","8/29/2025 2:51:00 AM",".ts"
"bots\twitch\src\lib\api.ts","386","8/29/2025 2:51:00 AM",".ts"
"bots\twitch\src\lib\env.ts","1344","8/29/2025 2:51:00 AM",".ts"
"bots\twitch\src\lib\logger.ts","183","8/29/2025 2:51:00 AM",".ts"
"bots\twitch\src\lib\se.ts","756","8/29/2025 2:51:00 AM",".ts"
"bots\twitch\tsconfig.json","261","8/29/2025 2:51:00 AM",".json"
"chainGlorp.png","24605","8/28/2025 5:56:26 AM",".png"
"chainGlorp2.png","23919","8/28/2025 5:56:26 AM",".png"
"chainGlorp3.png","24728","8/28/2025 5:56:26 AM",".png"
"check-connections.ps1","8548","8/31/2025 1:05:56 AM",".ps1"
"collect-project-info.ps1","10235","8/31/2025 3:11:03 AM",".ps1"
"commands.ts","6569","8/28/2025 5:56:28 AM",".ts"
"cron.ts","672","8/28/2025 5:56:28 AM",".ts"
"db.ts","276","8/28/2025 5:56:28 AM",".ts"
"decimal.ts","116","8/28/2025 5:56:28 AM",".ts"
"deleteMatch.ts","825","8/28/2025 5:56:26 AM",".ts"
"deleteUser.ts","541","8/28/2025 5:56:26 AM",".ts"
"desynctest1.gif","66439","8/28/2025 5:56:26 AM",".gif"
"dev.ps1","345","8/28/2025 5:56:28 AM",".ps1"
"diagnose-stream-stack.clean.ps1","26201","8/30/2025 11:26:12 PM",".ps1"
"diagnose-stream-stack.clean.ps1.bak_20250830155407","24618","8/30/2025 10:43:46 PM",".bak_20250830155407"
"diagnose-stream-stack.clean.ps1.bak_20250830155734","24674","8/30/2025 10:54:07 PM",".bak_20250830155734"
"diagnose-stream-stack.clean.ps1.bak_20250830160746","24700","8/30/2025 10:57:34 PM",".bak_20250830160746"
"diagnose-stream-stack.clean.ps1.bak_20250830162612","25021","8/30/2025 11:07:46 PM",".bak_20250830162612"
"diagnose-stream-stack.ps1","21746","8/30/2025 11:26:12 PM",".ps1"
"diagnose-stream-stack.ps1.bak_20250830134703","27751","8/30/2025 8:45:41 PM",".bak_20250830134703"
"diagnose-stream-stack.ps1.bak_20250830134920","27784","8/30/2025 8:47:04 PM",".bak_20250830134920"
"diagnose-stream-stack.ps1.bak_20250830140723","25590","8/30/2025 9:02:46 PM",".bak_20250830140723"
"diagnose-stream-stack.ps1.bak_20250830140924","23572","8/30/2025 9:07:23 PM",".bak_20250830140924"
"diagnose-stream-stack.ps1.bak_20250830141321","25189","8/30/2025 9:09:25 PM",".bak_20250830141321"
"diagnose-stream-stack.ps1.bak_20250830141446","24013","8/30/2025 9:13:21 PM",".bak_20250830141446"
"diagnose-stream-stack.ps1.bak_20250830141955","27486","8/30/2025 9:14:47 PM",".bak_20250830141955"
"diagnose-stream-stack.ps1.bak_20250830142033","24526","8/30/2025 9:19:55 PM",".bak_20250830142033"
"diagnose-stream-stack.ps1.bak_20250830142331","24526","8/30/2025 9:20:33 PM",".bak_20250830142331"
"diagnose-stream-stack.ps1.bak_20250830142506","24612","8/30/2025 9:23:31 PM",".bak_20250830142506"
"diagnose-stream-stack.ps1.bak_20250830142730","24590","8/30/2025 9:25:06 PM",".bak_20250830142730"
"diagnose-stream-stack.ps1.bak_20250830152323","24610","8/30/2025 9:27:30 PM",".bak_20250830152323"
"diagnose-stream-stack.ps1.bak_20250830152757","14981","8/30/2025 10:23:23 PM",".bak_20250830152757"
"diagnose-stream-stack.ps1.bak_20250830152949","15092","8/30/2025 10:27:57 PM",".bak_20250830152949"
"diagnose-stream-stack.ps1.bak_20250830153508","15171","8/30/2025 10:29:49 PM",".bak_20250830153508"
"diagnose-stream-stack.ps1.bak_20250830153624","15166","8/30/2025 10:35:08 PM",".bak_20250830153624"
"diagnose-stream-stack.ps1.bak_20250830153755","15173","8/30/2025 10:36:24 PM",".bak_20250830153755"
"diagnose-stream-stack.ps1.bak_20250830153913","17262","8/30/2025 10:37:55 PM",".bak_20250830153913"
"diagnose-stream-stack.ps1.bak_20250830154224","17346","8/30/2025 10:39:13 PM",".bak_20250830154224"
"diagnose-stream-stack.ps1.bak_20250830155407","18491","8/30/2025 10:42:24 PM",".bak_20250830155407"
"diagnose-stream-stack.ps1.bak_20250830155734","18547","8/30/2025 10:54:07 PM",".bak_20250830155734"
"diagnose-stream-stack.ps1.bak_20250830160746","18576","8/30/2025 10:57:34 PM",".bak_20250830160746"
"diagnose-stream-stack.ps1.bak_20250830162612","20565","8/30/2025 11:07:46 PM",".bak_20250830162612"
"discord-canary.ts","577","8/28/2025 5:56:26 AM",".ts"
"discord-token-smoke.ts","479","8/28/2025 5:56:26 AM",".ts"
"DROP_IN_README.md","1066","8/28/2025 5:56:28 AM",".md"
"economy.ts","2055","8/28/2025 5:56:28 AM",".ts"
"elo.ts","347","8/28/2025 5:56:28 AM",".ts"
"ENV.md","0","8/28/2025 5:56:26 AM",".md"
"env.ts","869","8/28/2025 5:56:26 AM",".ts"
"faithglorp.png","25007","8/28/2025 5:56:26 AM",".png"
"fastmageglorp.png","24004","8/28/2025 5:56:26 AM",".png"
"flat\bots\discord\src\commands\bet.ts","1523","8/28/2025 2:56:06 PM",".ts"
"flat\bots\discord\src\commands\lockBet.ts","780","8/28/2025 2:56:06 PM",".ts"
"flat\bots\discord\src\commands\plus1.ts","1001","8/28/2025 2:56:06 PM",".ts"
"flat\bots\discord\src\commands\plus2.ts","1001","8/28/2025 2:56:06 PM",".ts"
"flat\bots\discord\src\commands\recordResult.ts","1333","8/28/2025 2:56:06 PM",".ts"
"flat\bots\discord\src\commands\refund.ts","715","8/28/2025 2:56:06 PM",".ts"
"flat\bots\discord\src\commands\setScore.ts","1134","8/28/2025 2:56:06 PM",".ts"
"flat\bots\discord\src\commands\startBet.ts","1191","8/28/2025 2:56:06 PM",".ts"
"flat\bots\discord\src\commands\top10Dascoin.ts","914","8/28/2025 2:56:06 PM",".ts"
"flat\bots\discord\src\commands\top10Glorpcoin.ts","918","8/28/2025 2:56:06 PM",".ts"
"flat\bots\discord\src\commands\top10Ladder.ts","890","8/28/2025 2:56:06 PM",".ts"
"forestglorp.png","23061","8/28/2025 5:56:26 AM",".png"
"forestglorp4.png","21002","8/28/2025 5:56:26 AM",".png"
"glorpCB.png","23189","8/28/2025 5:56:26 AM",".png"
"glorpCB2.png","23365","8/28/2025 5:56:28 AM",".png"
"glorpCBx.png","23696","8/28/2025 5:56:28 AM",".png"
"glorpCBx2.png","23425","8/28/2025 5:56:28 AM",".png"
"glorpCBx3.png","23425","8/28/2025 5:56:28 AM",".png"
"glorpCBx4.png","23945","8/28/2025 5:56:28 AM",".png"
"GlorpStrike.gif","61280","8/28/2025 5:56:28 AM",".gif"
"GSglorp.gif","60605","8/28/2025 5:56:28 AM",".gif"
"GSglorp.png","19310","8/28/2025 5:56:28 AM",".png"
"HCSMGlorp.gif","66439","8/28/2025 5:56:28 AM",".gif"
"help.ts","1027","8/28/2025 5:56:26 AM",".ts"
"index.ts","2154","8/28/2025 7:42:56 PM",".ts"
"inputDiscordName.ts","808","8/28/2025 5:56:26 AM",".ts"
"inputPlayer.ts","505","8/28/2025 5:56:26 AM",".ts"
"inputTwitchName.ts","709","8/28/2025 5:56:26 AM",".ts"
"inputUser.ts","1702","8/28/2025 5:56:26 AM",".ts"
"invasionGlorp.png","19319","8/28/2025 5:56:28 AM",".png"
"ladder.ts","3505","8/28/2025 5:56:26 AM",".ts"
"layout.tsx","224","8/28/2025 5:56:26 AM",".tsx"
"listall.ts","992","8/28/2025 5:56:26 AM",".ts"
"lockBet.ts","622","8/28/2025 5:56:26 AM",".ts"
"logger.ts","229","8/28/2025 5:56:26 AM",".ts"
"matchHistory.ts","1911","8/28/2025 5:56:26 AM",".ts"
"midmageglorp.png","28560","8/28/2025 5:56:28 AM",".png"
"migration.sql","80","8/28/2025 5:56:26 AM",".sql"
"migration_lock.toml","126","8/28/2025 5:56:26 AM",".toml"
"MLGSGlorp.png","25306","8/28/2025 5:56:28 AM",".png"
"MLGSGLorp1.png","24385","8/28/2025 5:56:28 AM",".png"
"MLGSGLorp2.png","24642","8/28/2025 5:56:28 AM",".png"
"myMatchHistory.ts","1256","8/28/2025 5:56:26 AM",".ts"
"myStats.ts","523","8/28/2025 5:56:26 AM",".ts"
"myWallet.ts","685","8/28/2025 5:56:26 AM",".ts"
"next.config.js","193","8/31/2025 4:00:27 AM",".js"
"next.config.js.bak-20250830205730","191","8/31/2025 3:54:03 AM",".bak-20250830205730"
"next.config.js.bak-20250830210027","193","8/31/2025 3:57:30 AM",".bak-20250830210027"
"next.config.mjs","171","8/28/2025 7:49:48 PM",".mjs"
"next-env.d.ts","268","8/28/2025 7:49:50 PM",".ts"
"open-match.ps1","687","8/28/2025 5:56:28 AM",".ps1"
"package.json","218","8/31/2025 4:23:53 AM",".json"
"package.json.bak-20250830205352","1343","8/31/2025 3:50:58 AM",".bak-20250830205352"
"package.json.bak-20250830210027","655","8/31/2025 3:53:52 AM",".bak-20250830210027"
"package.json.bak-20250830212353","1175","8/31/2025 4:00:27 AM",".bak-20250830212353"
"package-lock.json","84306","8/28/2025 7:49:48 PM",".json"
"page.tsx","2275","8/28/2025 5:56:26 AM",".tsx"
"parsing.ts","224","8/28/2025 5:56:26 AM",".ts"
"patch_twitchid.sql","168","8/28/2025 5:56:26 AM",".sql"
"payout.ts","1166","8/28/2025 5:56:28 AM",".ts"
"permissions.ts","173","8/28/2025 5:56:26 AM",".ts"
"plus1.ts","821","8/28/2025 5:56:26 AM",".ts"
"plus2.ts","821","8/28/2025 5:56:26 AM",".ts"
"pnpm-lock.yaml","50764","8/29/2025 4:08:00 AM",".yaml"
"powershellCommand.txt","917","8/29/2025 9:50:02 AM",".txt"
"prisma.ts","89","8/28/2025 5:56:28 AM",".ts"
"project-scan.json","17914","8/31/2025 3:33:12 AM",".json"
"Project-Status.ps1","82","8/31/2025 12:35:49 AM",".ps1"
"project-tree.txt","6595","8/28/2025 8:13:08 AM",".txt"
"public\twitch-token.html","507","8/28/2025 8:38:30 PM",".html"
"PyroGlorp.png","23873","8/28/2025 5:56:28 AM",".png"
"README.md","794","8/28/2025 5:56:26 AM",".md"
"record.ts","687","8/28/2025 5:56:26 AM",".ts"
"recordResult.ts","974","8/28/2025 5:56:26 AM",".ts"
"refund.ts","700","8/28/2025 5:56:26 AM",".ts"
"remove.ts","600","8/28/2025 5:56:26 AM",".ts"
"repair-stream-stack.ps1","8896","8/30/2025 10:23:23 PM",".ps1"
"repair-stream-stack.ps1.bak_20250830144358","10771","8/30/2025 9:42:29 PM",".bak_20250830144358"
"repair-stream-stack.ps1.bak_20250830144443","10769","8/30/2025 9:43:58 PM",".bak_20250830144443"
"repair-stream-stack.ps1.bak_20250830144601","10755","8/30/2025 9:44:43 PM",".bak_20250830144601"
"repair-stream-stack.ps1.bak_20250830144706","11877","8/30/2025 9:46:01 PM",".bak_20250830144706"
"repair-stream-stack.ps1.bak_20250830144847","8892","8/30/2025 9:47:06 PM",".bak_20250830144847"
"repair-stream-stack.ps1.bak_20250830152323","9820","8/30/2025 9:48:47 PM",".bak_20250830152323"
"route.ts","568","8/28/2025 5:56:26 AM",".ts"
"RTSRGlorp.png","27641","8/28/2025 5:56:28 AM",".png"
"RTSRGlorp2.png","28014","8/28/2025 5:56:28 AM",".png"
"RTSRglorpStrike.gif","64906","8/28/2025 5:56:28 AM",".gif"
"RTSRglorpStrike2.gif","64706","8/28/2025 5:56:28 AM",".gif"
"schema.prisma","4479","8/29/2025 10:47:54 AM",".prisma"
"schema.prisma.bak","4073","8/29/2025 4:07:24 AM",".bak"
"scripts\Analyze-project.min.ps1","4193","9/8/2025 7:51:36 AM",".ps1"
"scripts\Analyze-Project.ps1","20479","9/8/2025 7:37:36 AM",".ps1"
"scripts\seed.ts","396","8/29/2025 4:08:06 AM",".ts"
"search.ts","638","8/28/2025 5:56:26 AM",".ts"
"seed.ts","1455","8/28/2025 5:56:26 AM",".ts"
"server.ts","685","8/28/2025 5:56:28 AM",".ts"
"setScore.ts","850","8/28/2025 5:56:26 AM",".ts"
"SETUP.md","0","8/28/2025 5:56:26 AM",".md"
"SmartImage.tsx","1387","8/28/2025 5:56:28 AM",".tsx"
"socket.ts","372","8/28/2025 5:56:28 AM",".ts"
"SorcGlorp.png","21617","8/28/2025 5:56:28 AM",".png"
"startBet.ts","895","8/28/2025 5:56:26 AM",".ts"
"start-stream.ps1","835","8/29/2025 7:05:54 AM",".ps1"
"state.ts","457","8/28/2025 5:56:26 AM",".ts"
"stats.ts","458","8/28/2025 5:56:26 AM",".ts"
"streamelements.ts","722","8/28/2025 5:56:26 AM",".ts"
"studio.ps1","95","8/28/2025 5:56:28 AM",".ps1"
"ThiefGlorp.png","21577","8/28/2025 5:56:28 AM",".png"
"tools\patch-find-configs.ps1","7391","8/30/2025 11:12:30 PM",".ps1"
"tools\stream-ops.ps1","6102","8/30/2025 9:59:12 PM",".ps1"
"tools\stream-ops.ps1.bak_20250830145630","6408","8/30/2025 9:55:36 PM",".bak_20250830145630"
"tools\stream-ops.ps1.bak_20250830145633","6408","8/30/2025 9:55:36 PM",".bak_20250830145633"
"tools\stream-ops.ps1.bak_20250830145720","6408","8/30/2025 9:55:36 PM",".bak_20250830145720"
"tools\stream-ops.ps1.bak_20250830145726","6660","8/30/2025 9:57:20 PM",".bak_20250830145726"
"top10Dascoin.ts","652","8/28/2025 5:56:26 AM",".ts"
"top10Glorpcoin.ts","656","8/28/2025 5:56:26 AM",".ts"
"top10Ladder.ts","635","8/28/2025 5:56:26 AM",".ts"
"tsconfig.json","499","8/31/2025 4:23:59 AM",".json"
"tsconfig.json.bak-20250830205359","1554","8/31/2025 3:50:51 AM",".bak-20250830205359"
"tsconfig.json.bak-20250830205729","563","8/31/2025 3:53:59 AM",".bak-20250830205729"
"tsconfig.json.bak-20250830210027","521","8/31/2025 3:57:30 AM",".bak-20250830210027"
"tsconfig.tsbuildinfo","118636","8/31/2025 3:37:14 AM",".tsbuildinfo"
"TSglorp.png","26731","8/28/2025 5:56:28 AM",".png"
"tsglorp2.png","20333","8/28/2025 5:56:28 AM",".png"
"tsglorp3.png","21956","8/28/2025 5:56:28 AM",".png"
"tsglorp4.png","21611","8/28/2025 5:56:28 AM",".png"
"tsglorp5.png","24604","8/28/2025 5:56:28 AM",".png"
"TurtleGlorp.png","20066","8/28/2025 5:56:28 AM",".png"
"TurtleGlorp2.png","20817","8/28/2025 5:56:28 AM",".png"
"types.ts","140","8/28/2025 5:56:28 AM",".ts"
"utils.ts","133","8/28/2025 5:56:28 AM",".ts"
"WORKFLOWS.md","0","8/28/2025 5:56:26 AM",".md"
